Year,Afghanistan,Albania,Algeria,Andorra,Angola,Antigua and Barbuda,Argentina,Armenia,Australia,Austria,Azerbaijan,Bahamas,Bahrain,Bangladesh,Barbados,Belarus,Belgium,Belize,Benin,Bhutan,Bolivia,Bosnia and Herzegovina,Botswana,Brazil,Brunei,Bulgaria,Burkina Faso,Burundi,Cambodia,Cameroon,Canada,Cape Verde,Central African Republic,Chad,Chile,China,Colombia,Comoros,"Congo, Dem. Rep.","Congo, Rep.",Costa Rica,Cote d'Ivoire,Croatia,Cuba,Cyprus,Czech Republic,Denmark,Djibouti,Dominica,Dominican Republic,Ecuador,Egypt,El Salvador,Equatorial Guinea,Eritrea,Estonia,Ethiopia,Fiji,Finland,France,Gabon,Gambia,Georgia,Germany,Ghana,Greece,Grenada,Guatemala,Guinea,Guinea-Bissau,Guyana,Haiti,Honduras,Hungary,Iceland,India,Indonesia,Iran,Iraq,Ireland,Israel,Italy,Jamaica,Japan,Jordan,Kazakhstan,Kenya,Kiribati,Kuwait,Kyrgyz Republic,Lao,Latvia,Lebanon,Lesotho,Liberia,Libya,Lithuania,Luxembourg,"Macedonia, FYR",Madagascar,Malawi,Malaysia,Maldives,Mali,Malta,Marshall Islands,Mauritania,Mauritius,Mexico,"Micronesia, Fed. Sts.",Moldova,Mongolia,Montenegro,Morocco,Mozambique,Myanmar,Namibia,Nepal,Netherlands,New Zealand,Nicaragua,Niger,Nigeria,North Korea,Norway,Oman,Pakistan,Palestine,Panama,Papua New Guinea,Paraguay,Peru,Philippines,Poland,Portugal,Qatar,Romania,Russia,Rwanda,Samoa,Sao Tome and Principe,Saudi Arabia,Senegal,Serbia,Seychelles,Sierra Leone,Singapore,Slovak Republic,Slovenia,Solomon Islands,Somalia,South Africa,South Korea,South Sudan,Spain,Sri Lanka,St. Lucia,St. Vincent and the Grenadines,Sudan,Suriname,Swaziland,Sweden,Switzerland,Syria,Tajikistan,Tanzania,Thailand,Timor-Leste,Togo,Tonga,Trinidad and Tobago,Tunisia,Turkey,Turkmenistan,Uganda,Ukraine,United Arab Emirates,United Kingdom,United States,Uruguay,Uzbekistan,Vanuatu,Venezuela,Vietnam,Yemen,Zambia,Zimbabwe
1970,15.4,87.4,90,97,51.3,103,96.7,91.7,95.2,85,86.9,96.2,79.5,47.3,93.9,98,95.2,81.2,33.3,32.5,67.7,81.2,106,96.2,85.1,96.8,37.9,54.3,57,48.5,96.8,66.7,39.8,22.8,94.2,66.5,89.8,55,48.5,54.8,101,38.7,91.6,95.6,86.9,91,94,29,99.8,94.1,89.1,52,86,52.4,43.5,97.9,41.7,82.5,96.9,92.1,88.8,36.1,93.8,88.8,59.9,88.9,93.9,67.4,28.1,32.1,97,59,92,95.3,96.7,40.8,65.8,50.6,47.3,96.6,93.4,92.4,98.6,94,68.1,93.9,54.4,81.9,88.6,92.7,62.1,93.2,88.3,129,30.5,50,95.2,89.7,88.1,72.1,44.6,69.9,75.3,35.5,87.3,86.1,50,75.9,81.2,81.2,104,95.6,86.2,46.6,43.8,83,89.6,23,87.5,95.1,98.8,35.6,50.8,71.7,93.5,62.1,32.1,75.8,100,51.8,94.2,72.8,94.8,96,93.6,108,90.8,95.9,57.5,95,59.7,44.4,42,90,91.4,37,79.5,89.7,92.8,59.6,36.2,91.4,80,25.5,90.1,88.7,96,93.9,35.4,84.1,87.3,95.1,83.1,48.4,81.6,65.3,82,62.6,37.3,89.4,95,40.8,61.7,87.6,52.7,96.3,90.9,90.6,96.8,100,87.8,75.9,92.9,79.9,11.2,58.2,69.6
1971,15.8,87.9,90.3,97.4,51.4,103,97.2,92.1,95.5,85.4,87.2,96.6,80.3,47.8,94.3,98.5,95.6,81.6,33.5,32.5,68.2,81.6,107,96.6,85.6,97.2,37.8,55,57.3,49.2,97.1,67.2,40.2,22.9,94.6,67,90.5,55.4,49,55.6,101,39.4,92.1,95.9,87.5,91.5,94.5,29.5,100,94.6,89.5,52.4,86.4,52.9,43.7,98.2,42.4,83.1,97.3,92.6,89.2,36.4,94.2,89.1,60.3,89.3,94.3,67.9,28.1,32.5,97.3,59.5,92.5,95.6,97.2,40.9,66.4,51.3,47.8,96.8,93.7,92.8,98.8,94.3,68.9,94.3,55.1,82.2,89.1,93,62.4,93.6,88.8,129,30.9,50.4,95.5,90.1,88.6,72.7,44.9,70.8,75.6,35.8,87.8,86.8,50.4,76.5,81.6,81.7,104,96.1,86.7,47.1,44.3,83.8,90.1,23.6,87.9,95.5,99.4,36.6,51.2,72.2,93.9,62.5,32.4,76.3,101,52.3,94.8,73.3,95.2,96.4,94.3,108,91.3,96.2,58.1,95.4,59.9,44.8,41.9,90.4,91.6,37.4,80.1,90.2,93.4,60.2,36.6,91.7,80.6,25.7,90.6,89.2,96.4,94.3,35.9,84.8,87.6,95.3,83.6,49,82.1,66.1,82.4,62.9,37.8,89.8,95.4,41.4,62.1,88.2,53.2,96.6,91.4,91,96.8,101,88.3,76.4,93.5,80.5,11.3,58.9,70
1972,15.4,88.3,90.2,97.8,51.9,104,97.5,92.5,95.7,85.9,87.7,97.1,81,48.2,94.8,98.9,96,82,33.7,32.9,68.6,82.1,107,97.2,86,97.5,38.6,55.2,57.7,49.5,97.3,67.9,40.3,22.9,94.8,67.4,90.9,56.1,49.4,55.9,102,39.6,92.4,96.1,88.1,92,94.8,29.7,101,95,90.1,53,86.7,53,43.8,98.6,42.6,83.7,97.7,93,89.6,36.7,94.6,89.7,60.8,89.8,94.8,68.6,28.4,32.7,97.8,59.9,93.1,95.8,97.6,41.7,67,52.1,48.7,97.1,94.1,93.2,99.1,94.6,69.9,94.7,56,82.8,90,93.5,63.2,93.9,89.4,129,31.4,50.9,96,90.6,89.1,73,45.5,71.7,76.1,36.7,88.2,87.1,50.8,77.1,82,82.3,104,96.5,87.1,47.3,44.4,84.2,90.6,23.8,88.2,95.8,100,36.8,51.5,72.7,94.3,63,32.7,76.8,101,52.6,95.2,73.9,95.6,96.8,94.8,109,91.5,96.6,58.8,95.8,60.5,45.5,42.6,90.9,91.8,37.5,80.6,90.6,93.9,60.6,36.5,92,81.1,25.9,91.1,89.7,96.9,94.8,36.5,85.2,88.2,95.7,84.1,49.6,82.5,66.4,83,63.4,37.9,90.2,95.8,41.9,62.5,88.5,53.4,96.9,92,91.4,97,101,88.8,76.9,93.8,81.1,11.4,59.4,70.5
1973,15.6,88.9,90.5,98.1,52.3,104,97.8,92.9,96.1,86.4,88.2,97.4,81.9,48.6,95.1,99.1,96.3,82.4,34.3,33.2,69.3,82.7,107,97.6,86.4,98,38.8,55.8,58,50.1,97.5,68.3,40.7,23.4,95.2,68.1,91.4,56.5,49.8,56.5,102,40.2,92.8,96.2,88.8,92.3,95.2,30.1,101,95.3,90.7,53.5,87.1,53.6,44.4,98.9,42.8,84.3,98.1,93.3,90.1,37.1,95.1,90.1,61.3,90.3,95.1,68.8,28.9,33.1,98.2,60.6,93.6,96.1,98,42,67.4,52.9,49.4,97.4,94.5,93.6,99.5,95,70.8,95.1,56.7,83.3,90.4,93.9,63.4,94.4,90,129,31.7,51.3,96.3,91.1,89.4,73.3,46,72.5,76.4,36.6,88.7,87.5,51,77.8,82.6,82.6,105,96.9,87.5,47.8,44.8,84.6,91.3,24.2,88.7,96.2,100,36.7,52.1,73.2,94.7,63.4,33,77.3,101,53.1,95.7,74.4,96,97.2,95.3,109,91.9,97,59.3,96.2,60.9,45.9,42.6,91.2,92,37.8,81.1,91.1,94.1,61.1,36.9,92.5,81.7,26.1,91.7,90.1,97.3,95.1,37.2,85.7,88.7,96,84.4,50.1,83.1,66.8,83.5,64,38.3,90.8,96.3,42.5,62.7,89,53.9,97.2,92.4,91.8,97.1,101,89.1,77.4,94.3,81.3,11.9,60.1,71.1
1974,15.9,89.2,90.4,98.4,52.8,104,98.3,93.5,96.3,86.9,88.6,97.8,82.8,49.2,95.6,99.5,96.7,82.8,34.2,33.6,69.7,83.2,108,98.2,86.9,98.4,39.6,56.4,58.3,50.9,97.7,68.8,41,23.5,95.6,68.5,91.9,57,50.1,57,103,40.3,93.4,96.6,89.3,92.7,95.4,30.2,101,95.8,91.1,54,87.4,54,44.5,99.3,43.4,84.9,98.4,93.9,90.6,37.2,95.4,90.5,61.7,90.8,95.6,69.4,28.6,33.3,98.4,60.7,94,96.4,98.2,42.4,68.1,53.4,50,97.9,95,94,99.8,95.3,71.6,95.4,57.5,83.9,91,94.3,63.9,94.7,90.4,129,32,51.7,96.6,91.5,89.9,74,46.4,73.4,76.9,36.5,89,88,51.7,78.2,83,83,105,97.5,88,48.4,45.2,85.2,91.7,24.7,89.1,96.5,101,36.6,52.6,73.7,95.1,64,33.5,77.9,102,53.4,96.3,75,96.4,97.5,95.8,110,92.3,97.3,59.9,96.6,61.8,46.5,43,91.8,92.4,38.6,81.6,91.5,94.6,61.5,37.5,92.8,82.1,26.3,92.1,90.4,97.7,95.6,37.7,86.2,89.5,96.4,84.9,50.8,83.5,67.4,84.1,64.2,38.6,91.1,96.6,43.1,63.1,89.5,54.4,97.5,93,92.2,97.2,102,89.6,77.9,94.8,81.9,12,60.8,71.5
1975,16.1,89.7,90.4,98.8,53.2,105,98.7,93.8,96.5,87.3,89.1,98.2,83.5,49.6,96.1,99.9,97,83.3,34.8,33.8,70.2,83.5,109,98.7,87.3,98.8,39.4,56.5,58.7,51.3,97.9,69.2,41.4,23.9,95.9,69,92.5,57.6,50.4,57.7,103,40.7,93.8,96.7,89.8,93.2,95.8,30.6,102,96.3,91.5,54.5,87.8,54.3,45.1,99.6,43.8,85.5,98.8,94.3,91.2,37.5,95.9,90.9,62.4,91.2,96.1,69.9,28.9,33.5,98.7,61.4,94.2,96.5,98.6,43,68.6,54.3,50.7,98.1,95.4,94.3,100,95.5,72.7,95.9,58.4,84.4,91.8,94.8,64.2,95.1,90.8,129,32.6,52,97,91.8,90.5,74.6,46.8,74.3,77.4,37.7,89.6,88.4,51.8,78.9,83.4,83.6,105,97.9,88.5,48.6,45.5,85.8,92.1,25,89.5,96.9,101,36.9,53,74.2,95.3,64.4,33.6,78.3,102,53.8,96.6,75.5,96.9,97.8,96.4,111,92.7,97.7,60.2,97,62.1,47.1,43.4,92.1,92.6,38.6,82.3,91.9,95,62.1,37.8,93.2,82.7,26.4,92.4,90.9,98.1,96.1,38.4,86.5,89.8,96.8,85.4,51.5,83.9,68.1,84.4,64.6,39,91.5,96.9,43.9,63.5,89.9,54.7,97.9,93.6,92.6,97.3,102,90.1,78.3,95.3,82.5,12,61.4,71.9
1976,16.4,90.2,90.4,99.1,53.4,105,99,94.2,96.9,87.7,89.5,98.5,84.5,50.2,96.4,100,97.3,83.9,34.8,34,70.8,84.1,109,99,87.7,99.1,40.2,56.7,59.3,52,98.1,69.5,41.6,23.8,96.2,69.4,92.9,58,50.9,58.4,103,41.3,94.2,96.9,90.4,93.6,96.2,30.9,102,96.8,92,55.2,87.9,54.8,45.4,100,44.1,86.1,99.1,94.6,91.4,38,96.3,91.3,62.7,91.6,96.4,70.3,29.2,33.7,99.1,61.8,94.9,96.8,99,43.4,69.3,54.9,51.5,98.4,95.7,94.6,100,95.8,73.6,96.3,59.1,84.9,92.1,95.1,64.6,95.5,91.5,130,32.8,52.6,97.4,92.3,90.8,74.8,47.2,75.2,78.1,37.6,89.9,88.9,52.3,79.4,83.7,84,106,98.2,88.9,49.1,45.9,86.2,92.5,25.4,89.9,97.3,102,37.7,53.4,74.8,95.7,64.9,34,78.8,102,54.1,97.1,75.9,97.3,98.1,97.1,111,92.9,98.1,61.1,97.5,62.7,47.6,43.8,92.6,93,38.7,82.6,92.4,95.4,62.7,37.5,93.5,83.2,27.4,93,91.3,98.6,96.4,39,87,90.5,97,85.9,52,84.4,68.5,85.1,65.1,39.3,91.9,97.4,44.5,63.9,90.3,55.2,98.2,94,93,97.5,102,90.4,78.8,95.7,82.8,12.4,62.1,72.4
1977,16.6,90.6,90.6,99.5,53.8,105,99.5,94.7,97,88.2,89.8,98.8,85.1,50.7,97,100,97.7,84.2,35.2,34.4,71.4,84.4,109,99.5,88.2,99.5,40,57.7,59.6,52.7,98.2,70.2,42.2,24.2,96.6,70.1,93.4,58.4,51.4,59,104,41.7,94.7,97.1,91,93.9,96.5,31.3,103,97.3,92.5,55.9,88.2,55.3,45.7,100,44.7,86.9,99.5,95.1,92.1,38.1,96.7,91.6,63.2,92.1,97,70.7,29.5,33.9,99.3,62.2,95.4,97,99.3,43.9,69.8,55.8,52.2,98.7,96.1,95.1,101,96.2,74.5,96.6,59.9,85.3,92.7,95.4,65.4,95.9,91.9,130,33.3,52.9,97.6,92.7,91.2,75.2,47.8,76.1,78.4,37.5,90.3,89.5,52.4,80.1,84.1,84.5,106,98.7,89.4,49.7,46,86.5,93.1,25.7,90.3,97.6,102,37.6,53.8,75.2,96.2,65.4,34.4,79.5,103,54.8,97.3,76.5,97.6,98.5,97.5,111,93.2,98.3,61.8,97.8,63.3,48.3,44.2,93,93,39.3,83.2,92.7,95.8,63.2,37.8,93.9,83.8,27.6,93.4,91.5,99,97,39.7,87.5,90.7,97.4,86.3,52.9,84.7,69,85.6,65.8,39.6,92.3,97.9,45.2,64.2,90.7,55.6,98.6,94.5,93.3,97.6,103,90.9,79.3,96.3,83.4,12.4,62.7,72.9
1978,16.2,91,90.3,99.8,54.3,105,99.9,94.9,97.3,88.6,90.3,99.2,86.1,51.2,97.4,101,98.1,84.9,35.7,34.4,72,84.9,110,100,88.5,99.8,40.7,58,60,53.4,98.4,70.7,42.4,24.1,96.8,70.5,93.8,58.8,51.5,59.6,104,42,95.1,97.4,91.6,94.3,96.8,31.5,103,97.9,93,56.2,88.7,55.6,46.2,101,45,87.3,99.7,95.4,92.4,38.6,96.9,92.1,63.6,92.5,97.4,71,29.8,34,99.5,62.7,95.8,97.2,99.7,44.5,70.6,56.8,53,98.9,96.5,95.4,101,96.4,75.6,97,60.9,85.9,93.4,95.8,65.7,96.2,92.6,129,34.2,53.3,98,93,91.7,76,48,77,78.8,38.3,90.8,89.8,52.9,81,84.6,84.9,106,99.2,89.8,50.2,46.8,87.1,93.5,26.4,90.7,97.9,103,37.5,54.4,75.7,96.5,66,34.7,79.9,103,55.1,97.8,77.2,98.1,98.8,98.2,112,93.5,98.6,62.6,98.1,63.6,49,44.6,93.5,93.2,39.7,83.8,93.2,96.1,63.8,38.1,94.2,84.3,27.5,94,91.9,99.5,97.4,40.3,87.7,91.4,97.7,86.7,53.5,85.2,69.7,86.1,66.1,39.8,92.7,98.2,45.9,64.8,91.1,56.1,98.7,95.2,93.8,97.7,103,91.2,79.7,96.7,83.7,12.8,63.4,73.4
1979,16.4,91.4,90.3,100,54.8,106,100,95.3,97.5,89.1,90.7,99.6,87,51.7,97.7,101,98.3,85.2,35.5,35,72.4,85.3,110,100,89,100,41.3,58.2,60.3,54,98.5,71.3,42.9,24.5,97.2,71.1,94.3,59.5,52.2,60.1,104,42.2,95.5,97.6,92.3,94.7,97.2,32.1,103,98.3,93.5,57,88.8,56.2,46.4,101,45.3,88.1,99.9,95.9,92.9,38.7,97.3,92.6,64,93,97.7,71.7,30,34.7,99.6,63.1,95.9,97.4,100,44.9,71.2,57.6,53.8,99.3,96.8,95.7,101,96.7,76.6,97.3,61.7,86.5,94,96.2,66.2,96.7,93.1,130,34.5,53.8,98.3,93.5,92.2,76.3,48.6,78,79.3,38.7,91.2,90.4,53.3,81.4,85.1,85.4,106,99.5,90.1,50.5,46.9,87.7,93.9,26.9,91,98.2,103,38.3,54.9,76.3,96.8,66.3,35.3,80.5,103,55.6,98.4,77.7,98.4,99.2,98.8,112,93.9,99,63.2,98.6,64.2,49.7,45.4,93.9,93.5,39.4,84.2,93.6,96.5,64.5,38.4,94.6,84.9,27.6,94.4,92.3,99.8,97.7,41.2,88.2,91.8,97.9,87.2,54.3,85.6,70.1,86.5,66.7,40.1,93.1,98.6,46.7,65.1,91.6,56.6,99.1,95.6,94,97.8,103,91.7,80.3,97.3,84.2,13.1,64.1,73.9
1980,16.5,92,90.6,100,55.3,106,101,95.8,97.7,89.4,91.1,99.9,87.9,52.4,98.2,101,98.5,85.7,35.8,35.1,72.9,85.9,110,101,89.5,101,41.6,58.8,60.7,54.6,98.7,71.7,43,24.4,97.4,71.6,94.7,59.9,52.5,60.7,105,42.9,95.9,97.6,92.7,95,97.6,32.2,104,98.7,93.9,57.5,89.1,56.5,46.7,101,45.8,88.6,100,96.2,93.4,39.1,97.7,92.9,64.6,93.4,98.2,71.8,30.1,34.6,100,63.5,96.5,97.7,100,45.5,71.8,58.5,54.7,99.4,97.1,96,101,96.9,77.6,97.6,62.6,87.1,94.5,96.6,66.7,97,93.5,130,35.2,54.2,98.6,93.8,92.6,76.9,49.1,78.9,79.9,38.5,91.6,90.8,53.6,82.1,85.4,85.9,107,100,90.6,50.9,47,88.2,94.4,27.2,91.5,98.5,103,38.1,55.3,76.8,97.1,67,35.5,81.1,104,56.1,98.6,78.3,98.7,99.4,99.3,113,94.2,99.3,63.7,98.9,64.5,50.2,45.5,94.2,93.5,39.8,84.7,93.9,96.9,64.9,39.3,94.9,85.3,27.5,94.9,92.7,100,98.2,42,88.8,92.3,98.3,87.6,55,86,70.6,87.3,66.9,40.4,93.6,99,47.3,65.5,91.9,56.9,99.3,96.1,94.4,97.9,104,92,80.6,97.7,84.9,13.4,64.9,74.5
1981,16.7,92.4,90.3,101,55.7,106,101,96.1,97.9,89.9,91.4,100,88.7,53,98.6,102,99,86.2,36.2,35.5,73.6,86.3,111,102,89.8,101,42.2,59.4,61.2,55.5,98.9,72.1,43.4,24.7,97.8,72.1,95.2,60.5,52.8,61.3,105,43.2,96.2,97.9,93.3,95.4,97.8,32.7,104,99.3,94.4,58.2,89.2,57.1,47.1,102,46,89.2,101,96.7,93.7,39.4,98,93.3,65,93.8,98.6,72.4,30.3,35.2,100,64.2,96.9,97.9,101,46,72.5,59.4,55.5,99.8,97.5,96.4,102,97.2,78.5,97.9,63.5,87.5,95.1,96.9,67.1,97.4,93.8,130,35.5,54.7,98.9,94.2,93,77.4,49.6,79.9,80.3,39.2,91.9,91.3,54.3,82.8,85.9,86.5,107,100,91,51.5,47.7,88.7,94.9,27.6,91.9,98.8,104,38.8,55.9,77.3,97.4,67.5,36.1,81.6,104,56.4,99.1,78.9,99,99.7,99.8,113,94.4,99.6,64.5,99.2,65.1,50.9,46.3,94.7,93.7,40.1,85.3,94.3,97.3,65.3,39.3,95.2,86,28.4,95.2,93.1,101,98.6,42.6,89.2,92.7,98.6,88,55.8,86.4,71.2,87.9,67.4,40.9,93.9,99.2,48.1,65.9,92.3,57.4,99.7,96.5,94.8,98.2,104,92.4,81.1,98.1,85.3,13.6,65.7,74.9
1982,17.3,92.8,90.3,101,56.1,106,101,96.5,98.1,90.4,91.9,101,89.5,53.7,99,102,99.2,86.6,36.8,36,74.1,86.9,111,102,90.3,101,42.4,60,61.8,56.3,98.9,72.7,43.9,25,97.9,72.7,95.7,61,53.3,62.1,105,43.7,96.8,98.1,93.9,95.7,98.1,32.9,104,99.5,94.8,58.8,89.5,57.6,47.4,102,46.5,89.8,101,97.1,94.1,39.7,98.3,93.6,65.3,94.3,99,72.8,30.8,35.2,101,64.4,97.2,98.1,101,46.8,73,60.4,56.4,100,97.9,96.8,102,97.4,79.6,98.3,64.4,88.1,95.5,97.2,67.9,97.8,94.4,130,36.3,55.1,99.2,94.5,93.4,77.9,50.3,81,80.7,39.5,92.4,91.8,54.5,83.4,86.3,86.8,107,101,91.4,52.1,48.1,89,95.2,28.1,92.2,99,104,38.4,56.3,77.8,97.7,67.8,36.5,82.1,104,56.8,99.4,79.6,99.5,100,100,114,94.7,99.9,65.1,99.6,65.6,51.7,46.4,95.1,94,40.9,85.8,94.7,97.7,66.1,39.5,95.5,86.4,28.3,95.7,93.5,101,99,43.6,89.7,93.1,98.8,88.4,56.5,86.7,71.8,88.2,68.1,41.3,94.3,99.6,49,66.4,92.7,57.9,99.9,97.1,95.2,98.3,104,92.8,81.5,98.7,85.8,13.9,66.3,75.4
1983,17.4,93.1,90.1,101,56.4,107,102,96.8,98.3,90.8,92.3,101,90.5,54.2,99.3,102,99.5,87.1,37,36,74.8,87.2,111,102,90.7,102,43,60.5,61.9,56.9,99.1,73,44.1,25.2,98.2,73.1,96.1,61.6,53.8,62.8,105,44.1,97.1,98.3,94.5,96.1,98.4,33.3,105,100,95.4,59.5,89.8,58,47.7,102,46.9,90.5,101,97.4,94.5,40.1,98.7,94.1,65.8,94.7,99.3,73.1,30.9,35.6,101,65,97.8,98.4,101,47.4,73.8,61.4,57.2,100,98.2,97.1,102,97.6,80.7,98.5,65.5,88.6,96.1,97.5,68.1,98.2,95,130,36.8,55.6,99.4,94.9,93.8,78.4,50.9,81.8,81.3,40.2,92.8,92.1,55,84,86.7,87.3,107,101,91.8,52.6,48.2,89.7,95.7,28.8,92.6,99.3,105,39.1,56.9,78.3,98.1,68.5,36.8,82.7,104,57.1,99.8,80.2,99.7,100,101,114,94.9,100,65.9,100,66.2,52.4,46.9,95.5,94,41,86.3,95.1,98,66.7,39.6,95.9,87,28.2,96.1,93.9,101,99.3,44.5,90.1,93.6,99.1,88.8,57.5,87.2,72.2,88.7,68.4,41.6,94.7,100,49.9,66.9,93.1,58.5,100,97.5,95.5,98.4,104,93.1,82.1,99.2,86.2,14.1,67.2,75.8
1984,17.4,93.5,89.9,101,56.9,107,102,97.3,98.4,91.3,92.6,101,91.4,54.7,99.8,102,99.7,87.5,37.1,36.3,75.3,87.7,111,103,91.1,102,43.2,60.8,62.7,57.8,99.2,73.4,44.8,25.4,98.4,73.6,96.7,62,54.2,63.5,106,44.6,97.6,98.4,95.1,96.4,98.7,33.6,105,101,95.8,60.2,90,58.4,48.3,103,47.5,91.1,101,97.9,94.8,40.3,99,94.3,66,95.1,99.8,73.7,31,35.9,101,65.5,98.1,98.6,102,47.9,74.5,62.6,58.3,101,98.5,97.4,102,97.8,81.7,98.8,66.6,89.3,96.7,97.9,68.8,98.6,95.4,129,37.5,56,99.7,95.3,94.2,78.9,51.2,83,81.7,39.7,93.1,92.6,55.2,84.7,87,87.8,107,102,92.3,53,48.4,90.2,96,29.5,93,99.6,105,39.4,57.3,78.8,98.4,69.1,37.5,83.1,105,57.6,100,80.8,100,100,101,115,95.2,101,66.8,100,66.9,53.1,47.4,95.8,94.1,41.5,86.7,95.5,98.5,67.3,40.3,96.1,87.4,28.8,96.5,94.4,102,99.8,45.4,90.6,94.2,99.4,89.2,58.3,87.6,73,89.4,68.9,41.9,95,100,50.7,67.4,93.5,58.8,100,98,95.9,98.6,105,93.6,82.6,99.5,86.6,14.6,68,76.5
1985,17.5,94,89.7,102,57.5,107,102,97.5,98.6,91.7,92.9,102,92.3,55.5,100,103,100,87.9,37.4,36.9,75.9,88.1,111,103,91.4,102,43.4,61.7,63,58.4,99.3,74,45,25.6,98.7,74.2,97.2,62.6,54.6,64.4,106,45,97.9,98.6,95.6,96.7,99,34,105,101,96.1,60.9,90.1,59,48.6,103,47.7,91.8,102,98.2,95,40.8,99.4,94.7,66.5,95.6,100,74,31.4,36.3,101,66.1,98.4,98.8,102,48.5,75.3,63.6,59.2,101,98.8,97.7,103,98,82.7,99.2,67.7,89.8,97,98.2,69.3,98.9,95.8,130,38.3,56.5,100,95.7,94.5,79.4,51.8,84.1,82.3,40,93.5,93,55.6,85.4,87.6,88.1,107,102,92.6,53.5,48.8,90.7,96.5,29.9,93.2,99.9,105,40,58,79.3,98.6,69.6,37.7,83.6,105,58.1,101,81.3,101,101,102,115,95.5,101,67.6,101,67.2,53.7,47.8,96.3,94.3,41.6,87.2,95.8,98.8,68,40.3,96.6,88,28.7,97,94.7,102,100,46.4,91,94.5,99.5,89.6,59.2,87.9,73.5,89.9,69.5,42.3,95.3,101,51.8,67.8,93.8,59.2,101,98.4,96.2,98.7,105,93.9,83,100,87.1,15,68.7,77
1986,17.6,94.2,89.5,102,58,107,103,97.8,98.8,92.1,93.3,102,93.3,56.2,101,103,100,88.5,37.9,37.2,76.5,88.5,111,104,91.8,102,44.5,62,63.3,59.4,99.3,74.6,45.5,25.8,99,74.7,97.6,63,55,65,106,45.4,98.4,98.8,96.2,97.1,99.3,34.5,106,101,96.8,61.6,90.4,59.5,48.9,103,48.3,92.4,102,98.7,95.4,40.9,99.7,95.1,66.9,96,101,74.6,31.9,36.5,101,66.7,98.9,98.9,102,49.2,75.8,64.7,60.1,101,99.2,98,103,98.2,83.9,99.5,68.6,90.5,97.5,98.5,69.7,99.3,96.3,129,38.9,57,100,96,95.1,80.1,52.5,85.1,82.8,41.3,93.9,93.4,55.9,86.2,88,88.6,107,102,93,54.1,49.1,91.1,96.9,30.5,93.6,100,105,39.6,58.4,79.8,98.9,70,38.2,84.2,105,58.5,101,82,101,101,102,115,95.7,101,68.3,101,67.9,54.5,48.3,96.6,94.6,42,87.8,96.2,99.2,68.6,40.8,96.7,88.4,29.2,97.5,95.1,103,101,47.4,91.3,94.8,99.8,90.1,60.2,88.2,74.1,90.4,70,42.4,95.8,101,52.8,68.2,94.2,59.9,101,98.8,96.5,98.9,105,94.3,83.5,101,87.6,15.4,69.4,77.5
1987,17.6,94.7,89.2,102,58.4,108,103,98.1,99,92.5,93.7,102,94.2,56.9,101,103,100,88.9,38.3,37.4,77.1,89.1,111,104,92.2,103,44.7,62.5,63.9,60.1,99.4,74.9,45.8,26,99.2,75.4,98,63.8,55.5,65.9,106,46,98.8,99.1,96.7,97.4,99.6,34.7,106,102,97.1,62.3,90.6,60,49.1,103,48.7,93.1,102,99.1,95.8,41.4,100,95.4,67.2,96.3,101,75.1,31.9,36.8,101,67.2,99.1,99.1,102,49.9,76.7,66,61.1,101,99.5,98.3,103,98.4,84.9,99.7,70,90.9,98,98.7,70.1,99.7,96.7,129,39.8,57.5,100,96.4,95.5,80.5,53,86.1,83.2,41.5,94.4,93.9,56.3,86.8,88.5,89.1,108,103,93.4,54.8,49.5,91.8,97.5,31.3,94,100,106,39.9,58.9,80.3,99.1,70.5,38.9,84.7,105,59,101,82.7,101,101,103,116,95.9,101,69.1,101,68.4,55.3,49.1,97,94.6,42.3,88.3,96.5,99.5,69.4,40.8,97.1,89,29.1,97.8,95.5,103,101,48.4,91.8,95.3,100,90.5,61.2,88.5,74.6,90.9,70.3,43,96.1,101,53.8,68.8,94.6,60.2,101,99.3,96.7,99,105,94.6,83.8,101,88,15.8,70.1,78
1988,18.1,95,88.9,102,58.7,108,103,98.5,99.1,93,94,102,95,57.8,101,103,101,89.4,38.3,37.9,77.6,89.5,111,105,92.6,103,45.5,63.1,64.4,61.1,99.5,75.5,46.2,26.2,99.3,75.8,98.5,64.4,56,66.6,106,46.5,99.1,99.2,97.2,97.6,99.8,35.2,106,102,97.6,63.1,90.7,60.4,49.7,104,49.1,93.7,102,99.4,96,41.8,100,95.7,67.7,96.8,101,75.4,32.2,37,101,67.8,99.6,99.3,103,50.6,77.4,67.3,62.1,101,99.8,98.6,103,98.6,85.9,100,71.1,91.5,98.5,99.1,70.8,100,97.2,129,40.5,58,101,96.7,95.8,80.9,53.7,87.3,83.7,41.7,94.6,94.3,56.8,87.4,88.8,89.5,108,103,93.8,55.3,50,92,97.7,32,94.3,101,106,40.4,59.5,80.8,99.4,71.1,39.3,85.3,105,59.4,102,83.3,101,102,103,116,96.1,102,70.1,102,68.9,56.1,49.3,97.3,94.7,42.6,88.8,96.8,99.8,70,41.3,97.2,89.5,29.6,98.2,95.8,103,101,49.7,92.3,95.6,100,90.9,62.1,88.8,75.1,91.5,70.9,43.4,96.5,102,55,69.3,94.9,60.8,101,99.7,97,99.3,106,94.9,84.5,101,88.5,16.1,70.9,78.5
1989,18.1,95.4,88.6,103,59.3,108,103,98.8,99.2,93.3,94.4,103,96,58.3,102,103,101,89.7,38.7,38.1,78.1,89.9,111,105,92.9,103,45.3,63.6,64.7,61.9,99.5,76,46.7,26.2,99.6,76.3,98.9,64.8,56.5,67.4,107,47.1,99.5,99.4,97.7,98,100,35.6,107,103,97.9,63.9,90.8,60.9,50.1,104,49.7,94.3,103,99.8,96.3,42.1,100,96,68,97.2,102,76,32.6,37.5,101,68.4,99.8,99.5,103,51.4,78.1,68.5,63.1,101,100,98.9,103,98.8,86.9,100,72.2,92.2,98.9,99.4,71.2,100,97.6,129,41.6,58.5,101,97.1,96.3,81.4,54.3,88.3,84.2,41.9,94.9,94.8,57.1,88,89.3,90,108,104,94.1,55.8,50.2,92.6,98.3,32.5,94.6,101,106,40.7,60.1,81.3,99.7,71.6,39.8,85.7,106,59.9,102,83.9,102,102,104,117,96.4,102,71,102,69.6,56.9,50,97.7,94.7,43.2,89.3,97.2,100,70.7,41.7,97.7,90.1,29.9,98.7,96.1,103,102,50.8,92.6,96,101,91.2,63.1,89.1,75.8,92,71.4,43.7,96.8,102,56.2,69.9,95.3,61.3,101,100,97.3,99.3,106,95.3,84.8,102,89,16.7,71.6,79
1990,18.6,95.7,88.1,103,59.9,108,104,99.2,99.4,93.7,94.7,103,97,59.3,102,103,101,90.2,39,38.5,78.8,90.4,111,106,93.4,103,46,64.3,65.4,62.9,99.6,76.6,47.2,26.8,99.8,77,99.4,65.6,56.8,68.2,107,47.6,99.9,99.7,98.2,98.2,100,36,107,103,98.4,64.6,91,61.3,50.4,104,50.1,94.9,103,100,96.5,42.4,101,96.3,68.3,97.6,102,76.4,32.9,37.6,102,69,100,99.6,103,52.1,78.8,69.8,64.3,102,100,99.1,103,98.9,87.9,100,73.4,92.6,99.2,99.6,71.8,101,98.2,128,42.3,58.9,101,97.3,96.5,82,55,89.3,84.7,42.5,95.3,95,57.5,88.7,89.8,90.4,108,104,94.5,56.3,50.7,93.2,98.7,33.3,94.9,101,107,40.9,60.7,81.7,99.9,72.2,40.5,86.3,106,60.5,103,84.5,102,102,104,117,96.6,102,71.9,102,70.1,57.7,50.5,98,94.9,43.4,89.8,97.5,100,71.3,41.9,97.8,90.5,29.8,98.9,96.5,104,102,52,93,96.4,101,91.6,64.2,89.3,76.4,92.6,71.8,44.1,97.1,102,57.4,70.4,95.5,61.8,102,101,97.6,99.5,106,95.7,85.4,102,89.4,17.2,72.5,79.6
1991,18.5,96.1,87.7,103,60.4,108,104,99.4,99.5,94.1,95,103,97.9,59.9,103,104,101,90.7,39.4,38.9,79.4,90.8,111,106,93.6,104,46.7,64.7,65.7,63.7,99.6,77,47.6,26.8,100,77.5,99.9,66.1,57.3,69.1,107,48.1,100,99.9,98.8,98.4,101,36.4,107,104,98.8,65.4,90.9,61.9,50.8,105,50.5,95.6,103,100,96.9,43,101,96.6,68.6,97.9,103,76.9,33.1,38.1,102,69.6,101,99.8,103,52.9,79.7,71.1,65.2,102,101,99.4,104,99.1,88.8,101,74.5,93.2,99.6,99.9,72.2,101,98.5,128,43.4,59.5,101,97.6,97,82.2,55.5,90.5,85.2,42.7,95.6,95.4,58,89.3,90.2,90.9,108,105,94.9,56.9,50.7,93.5,99,33.9,95.2,101,107,40.9,61.3,82.2,100,72.6,41.2,86.7,106,60.9,103,85.1,102,102,105,117,96.7,102,72.8,102,70.7,58.6,51,98.4,95,43.8,90.3,97.9,101,72.3,42.3,98.1,91.1,30.1,99.4,96.9,104,103,53.3,93.5,96.7,101,92,65.3,89.5,76.9,93.3,72.4,44.3,97.4,102,58.6,70.9,96,62.2,102,101,97.8,99.7,106,95.9,85.7,103,90,17.6,73.3,80.1
1992,18.9,96.5,87.3,103,60.8,108,104,99.7,99.7,94.5,95.4,103,98.9,60.8,103,104,102,91,39.9,39.2,80,91.2,111,107,93.9,104,47.1,65.3,66.2,64.7,99.6,77.6,47.9,27.2,100,78,100,66.8,57.8,69.9,107,48.8,101,100,99.1,98.7,101,36.8,108,104,99.2,66.3,91.1,62.3,51.3,105,51.2,96.3,103,101,97.1,43.3,101,96.9,68.9,98.3,103,77.4,33.3,38.5,102,70.3,101,100,104,53.6,80.4,72.4,66.3,102,101,99.6,104,99.3,89.7,101,75.8,93.9,100,100,72.8,102,98.9,128,44.4,59.8,102,97.9,97.3,82.8,56.4,91.5,85.6,43.2,96.1,96,58.2,90.1,90.7,91.2,108,105,95.3,57.5,51.1,94.1,99.4,34.7,95.5,101,107,41.7,61.8,82.7,100,73.2,41.7,87.3,106,61.3,103,85.8,103,102,105,118,97,103,73.7,103,71.2,59.4,51.5,98.7,95.2,44.2,90.9,98.2,101,73.1,42.7,98.3,91.5,30.5,99.8,97.2,104,103,54.6,93.9,97.1,101,92.3,66.6,89.8,77.3,93.7,72.8,44.9,97.7,103,60,71.5,96.3,62.9,102,101,98.2,99.9,106,96.3,86.1,103,90.4,18.2,74,80.6
1993,18.9,96.9,86.6,103,61.2,109,105,100,99.7,94.9,95.7,104,99.9,61.7,103,104,102,91.5,40.2,39.6,80.7,91.7,110,107,94.3,104,47.7,65.9,66.7,65.6,99.8,78.1,48.4,27.2,100,78.4,101,67.4,58.3,70.8,107,49.2,101,101,99.6,99.1,101,37.3,108,105,99.6,67.2,91.2,62.8,51.6,105,51.4,96.8,104,101,97.2,43.7,102,97.2,69.3,98.8,103,77.7,33.8,38.6,102,70.9,101,100,104,54.4,81.3,73.7,67.5,102,101,99.9,104,99.4,90.7,101,77.1,94.5,100,100,73.4,102,99.5,128,45.6,60.5,102,98.2,97.7,83.1,57.1,92.6,86.1,43.9,96.3,96.4,58.5,90.7,91.1,91.6,108,105,95.6,58.3,51.4,94.6,99.8,35.7,95.8,102,108,41.9,62.3,83.2,101,73.7,42.5,87.8,106,61.7,104,86.5,103,103,105,118,97.2,103,74.6,103,71.8,60.4,52,99,95.3,44.6,91.4,98.5,102,73.9,42.9,98.5,92,30.7,100,97.6,105,103,56.1,94.3,97.3,101,92.7,67.7,90,77.9,94.2,73.4,45.3,98.1,103,61.3,72.1,96.6,63.5,102,102,98.4,100,107,96.6,86.7,104,90.9,18.8,74.8,81.2
1994,19.2,97.1,85.9,104,61.8,109,105,100,99.9,95.3,95.9,104,101,62.4,104,104,102,91.9,40.7,40,81.2,92.1,110,107,94.6,104,48.6,66.7,67.1,66.6,99.9,78.6,48.9,27.6,100,79,101,67.9,58.8,71.7,107,49.8,102,101,99.9,99.2,101,37.7,108,105,100,68.1,91.4,63.4,52.1,105,52,97.5,104,102,97.3,44.2,102,97.5,69.7,99.2,104,78.3,34,39.2,102,71.6,101,100,104,55.1,82.2,74.9,68.4,102,101,100,104,99.5,91.6,101,78.2,95.1,101,101,73.8,102,99.9,127,46.6,60.9,102,98.5,98,83.9,57.8,93.5,86.7,43.8,96.7,96.7,59.1,91.3,91.6,92.1,108,106,95.9,58.8,51.9,95.2,100,36.4,96.1,102,108,41.9,62.9,83.7,101,74.2,43.2,88.4,106,62.3,104,87.1,103,103,106,119,97.4,103,75.6,103,72.4,61.3,52.7,99.4,95.4,44.9,91.9,98.8,102,74.7,43.1,98.8,92.5,31,101,98,105,104,57.6,94.7,97.8,102,93,69,90.3,78.5,94.7,73.8,45.7,98.4,103,62.9,72.7,96.8,64,102,102,98.7,100,107,96.9,87.1,104,91.4,19.5,75.5,81.6
1995,19.1,97.4,85.4,104,62.4,109,105,100,100,95.7,96.4,104,102,63.4,104,104,102,92.5,40.9,40.4,81.9,92.4,109,108,95,105,48.9,67,67.6,67.6,99.9,79,49.4,28,101,79.5,101,68.6,59.3,72.7,107,50.3,102,101,100,99.5,101,38.1,108,105,100,69,91.7,63.8,52.7,106,52.6,98,104,102,97.3,44.5,102,97.7,69.9,99.5,104,78.8,34.4,39.4,102,72.3,102,100,104,55.8,82.9,76.1,69.5,103,102,100,104,99.7,92.4,101,79.4,95.7,101,101,74.4,103,100,127,47.7,61.4,102,98.7,98.4,84.3,58.5,94.5,87.1,44.3,97,97.1,59.4,91.9,92,92.5,108,106,96.2,59.5,52.1,95.5,100,37.3,96.3,102,108,42.6,63.5,84.2,101,74.7,43.8,88.9,106,62.6,104,87.8,104,103,106,119,97.5,103,76.6,103,73,62.2,53.1,99.6,95.6,45.2,92.3,99.1,102,75.8,43.3,99,92.9,31.2,101,98.5,105,104,59.1,95,98,102,93.4,70.3,90.5,79.2,95.2,74.5,46.1,98.8,103,64.4,73.4,97.2,64.5,103,102,98.9,100,107,97.1,87.5,104,91.7,20.2,76.2,82.3
1996,19.4,97.8,85.4,104,62.8,109,105,101,100,96.1,96.6,104,102,64.2,104,104,102,92.9,41.2,40.8,82.4,92.9,110,108,95.3,105,49.7,67.7,68.2,68.5,100,79.5,49.8,28.2,101,80.1,102,69.3,59.8,73.6,107,50.9,102,101,101,99.8,102,38.6,108,106,101,69.9,92,64.3,53.1,106,53,98.5,104,102,97.4,44.9,102,98,70.3,99.9,104,79.2,34.5,39.6,102,73,102,101,104,56.5,83.8,76.9,70.1,103,102,101,104,99.8,93,102,80.4,96.3,101,101,74.8,103,101,127,48.5,62,102,99.1,98.8,84.8,59.1,95,87.7,44.9,97.3,97.6,59.6,92.5,92.5,92.9,108,106,96.6,60.1,51.9,96.1,101,38.1,96.7,102,108,42.5,64,84.6,101,75.4,44.5,89.2,107,63.1,105,88.2,104,103,106,119,97.8,103,77.4,104,73.6,63.2,53.8,99.9,96,45.8,92.9,99.4,102,76.5,43.8,99.4,93.4,31.4,101,98.8,106,104,60.1,95.4,98.2,102,93.7,71.3,90.7,79.7,95.8,74.9,46.5,99.1,104,65.7,74,97.4,65,103,102,99.1,100,107,97.5,87.8,105,92.2,20.7,76.8,82.8
1997,19.7,98.1,85.6,104,63.5,109,106,101,100,96.4,96.8,105,103,65.1,104,104,102,93.1,41.7,41,82.9,93.4,110,108,95.6,105,50.5,68.5,68.5,69.4,100,80.1,50.4,28.5,101,80.5,102,70.1,60.4,74.4,107,51.4,103,102,101,99.9,102,39,109,106,101,70.7,92.3,64.8,53.3,106,53.5,98.8,104,103,97.4,45.2,102,98.4,70.6,100,104,79.8,34.8,40.1,102,73.8,102,101,105,57.3,84.3,77.7,70.8,103,102,101,105,100,93.6,102,81.3,96.9,102,101,75.3,103,101,127,49.4,62.5,102,99.3,99,85.1,59.6,95.5,88,45.3,97.8,97.7,60.2,93.1,93,93.2,107,107,96.9,60.8,52.1,96.6,101,38.9,97,102,109,43.2,64.6,85.1,101,75.9,45.2,89.8,107,63.8,105,88.8,104,103,107,120,98.1,104,78.3,104,74.2,64.1,54.5,100,96.2,46.1,93.3,99.7,103,77.2,44,99.8,93.8,31.6,102,99.2,106,104,61.3,95.7,98.3,102,94,72.3,90.7,80.2,96.1,75.5,47,99.3,104,66.9,74.7,97.8,65.5,103,103,99.4,101,107,97.8,88.2,105,92.6,21.3,77.3,83.4
1998,19.9,98.5,85.6,104,63.9,109,106,101,100,96.7,97.1,105,103,66.1,105,104,103,93.6,42,41.4,83.5,93.8,110,109,95.8,105,51.2,69,69.1,70.1,100,80.7,50.8,28.7,101,81.1,103,70.6,60.8,75.3,107,51.8,103,102,101,100,102,39.5,109,107,101,71.4,92.6,65.4,53.9,106,53.9,99.3,104,103,97.4,45.7,103,98.6,71,101,105,80.2,35.2,40.6,102,74.3,103,101,105,57.9,85.1,78.4,71.5,103,102,101,105,100,94.1,102,81.9,97.5,102,102,75.9,104,101,127,50,63.1,102,99.6,99.4,85.4,60.3,96.1,88.6,45.7,97.9,98.1,60.6,93.4,93.4,93.6,107,107,97.2,61.2,52.2,97,102,39.6,97.2,102,109,43.2,65.3,85.5,102,76.4,45.8,90.3,107,64.2,106,89.3,105,104,107,120,98.3,104,79,104,74.9,65.1,55,100,96.5,46.5,93.8,100,103,77.9,44.5,100,94.2,31.7,102,99.6,106,105,62.3,96.1,98.8,102,94.4,73.1,90.9,80.9,96.6,76,47.4,99.6,104,68.1,75.5,98,66,103,103,99.6,101,108,98.1,88.8,106,93.1,21.9,77.8,84
1999,20.1,98.7,85.8,104,64.5,109,106,102,101,97.1,97.4,105,104,66.8,105,104,103,94,42.3,41.8,84,94.2,110,109,96.1,105,51.9,69.5,69.6,70.9,100,81.1,51.3,29,101,81.6,103,71.2,61.3,76.2,107,52.5,103,102,101,100,102,40.1,109,107,102,72.2,93,65.9,54.3,106,54.3,99.6,105,103,97.5,46.2,103,98.8,71.3,101,105,80.6,35.4,40.7,102,74.9,103,101,105,58.6,85.7,79.2,72.1,103,102,101,105,100,94.6,102,82.8,97.9,102,102,76.2,104,102,127,50.8,63.6,103,99.8,99.7,86.1,61,96.6,89,46,98.4,98.5,61,93.9,93.9,94.1,107,108,97.5,62,52.5,97.4,102,40.3,97.6,103,109,43.6,65.8,86,102,76.9,46.4,90.7,107,64.7,106,89.8,105,104,107,120,98.6,104,79.8,104,75.2,65.9,55.6,101,96.8,46.9,94.2,100,103,78.7,44.8,100,94.5,31.8,102,99.9,107,105,63.2,96.4,98.9,103,94.7,74.1,91,81.3,97.2,76.5,47.9,99.9,104,69.2,76.1,98.3,66.5,103,103,99.8,101,108,98.3,89.2,106,93.5,22.4,78.4,84.5
2000,20.3,99,85.9,104,65,109,106,102,101,97.5,97.7,105,104,67.7,105,104,103,94.5,42.9,42.3,84.6,94.7,110,109,96.4,105,52.4,70.2,70.3,71.7,100,81.5,51.8,29.2,102,82.2,103,71.8,61.8,77,107,53,104,103,102,101,102,40.6,109,107,102,73,93.4,66.4,54.7,107,54.9,100,105,104,97.6,46.7,103,99,71.8,101,105,81.1,35.7,41.1,103,75.5,104,102,105,59.1,86.6,79.9,72.9,103,103,102,105,101,95.1,102,83.5,98.4,102,102,76.9,104,102,127,51.5,64,103,100,100,86.4,61.5,97.2,89.5,46.4,98.6,98.9,61.4,94.5,94.2,94.3,107,108,97.8,62.5,52.8,97.9,102,41,97.8,103,109,44,66.4,86.5,102,77.4,47.2,91.2,107,65.2,106,90.4,105,104,107,121,98.8,104,80.5,105,75.7,66.7,56,101,97.2,47.2,94.6,101,104,79.5,45.3,101,94.9,32.3,102,100,107,105,64.2,96.8,99.2,103,95,74.9,91.1,81.8,97.6,77,48.3,100,104,70.2,76.7,98.6,67.2,103,103,100,101,108,98.6,89.6,106,94,22.8,78.7,85
2001,20.5,99.3,86.1,105,65.7,110,106,102,101,97.7,98,105,105,68.4,106,104,103,94.8,43.1,42.6,85.2,95.1,111,110,96.7,105,53,70.9,70.7,72.4,100,81.9,52.4,29.6,102,82.6,104,72.6,62.2,77.8,108,53.6,104,103,102,101,102,41,109,108,102,73.8,93.8,66.9,55.1,107,55.2,100,105,104,97.6,47,103,99.3,72.1,101,106,81.5,36.3,41.4,103,76.2,104,102,105,59.8,87.2,80.5,73.3,104,103,102,105,101,95.6,102,84.2,99,102,102,77.4,105,102,127,52.2,64.5,103,100,100,87,62.3,97.5,90,46.5,98.9,99.3,61.8,94.9,94.7,94.8,107,108,98.1,63.1,52.9,98.3,103,41.7,98.1,103,110,44.4,66.9,86.8,102,77.9,47.8,91.6,107,65.7,107,90.9,105,104,108,121,99,104,81.3,105,76.5,67.6,56.4,101,97.5,47.4,94.9,101,104,80.1,45.6,101,95.3,32.5,103,101,107,106,65,97.1,99.5,103,95.3,75.7,91.3,82.4,98,77.5,48.9,100,105,71.3,77.3,98.8,67.7,103,104,100,101,108,98.8,89.9,106,94.3,23.4,79.2,85.5
2002,20.7,99.5,86.4,105,66.2,110,107,102,101,98.1,98.2,106,105,69.2,106,104,103,95.3,43.6,43.1,85.6,95.4,111,110,96.9,105,53.4,71.3,71.3,73.1,101,82.4,52.8,29.8,102,83.1,104,73.2,62.9,78.5,108,53.9,104,103,102,101,103,41.6,110,108,102,74.4,94.2,67.5,55.6,107,55.7,101,105,104,97.8,47.4,103,99.5,72.5,102,106,82,36.5,42,103,76.8,104,102,106,60.4,87.8,81.3,73.9,104,103,102,106,101,96,103,84.8,99.4,103,102,77.7,105,103,127,52.9,65.1,103,101,101,87.3,62.8,98,90.5,47.2,99.3,99.5,62.2,95.2,95.1,95.1,107,109,98.4,63.6,53.2,98.6,103,42.3,98.3,103,110,44.8,67.3,87.3,102,78.5,48.4,92.1,107,66.2,107,91.3,106,104,108,121,99.3,104,81.9,105,77,68.4,56.8,101,97.7,48.1,95.3,101,104,80.6,45.9,101,95.6,32.9,103,101,107,106,65.8,97.6,99.7,103,95.6,76.6,91.6,82.8,98.3,78,49.1,101,105,72.3,78,99.1,68.3,103,104,100,102,108,99.1,90.4,107,94.8,23.8,79.7,86.1
2003,20.9,99.7,86.7,105,66.7,110,107,102,101,98.4,98.4,106,105,69.9,106,105,103,95.6,43.9,43.4,86,95.8,111,110,97.3,106,54.1,71.9,71.8,73.8,101,82.8,53.5,30.2,102,83.7,104,73.9,63.5,79.1,108,54.4,104,103,102,101,103,42,110,108,103,75.2,94.5,68,56.2,107,56,101,105,104,97.8,47.9,103,99.7,72.8,102,106,82.5,36.9,42.4,103,77.4,105,102,106,61.2,88.3,82,74.6,104,103,102,106,101,96.4,103,85.3,99.9,103,103,78.2,105,103,126,53.5,65.6,103,101,101,87.7,63.5,98.4,91,47.3,99.6,99.9,62.6,95.7,95.4,95.4,107,109,98.7,64.2,53.3,99.3,103,43,98.6,103,110,44.9,67.9,87.7,102,78.9,49.1,92.5,108,66.7,107,91.7,106,104,108,121,99.5,104,82.4,105,77.5,69.2,57.5,102,98.1,48.2,95.7,101,104,81.3,46.1,101,96,32.9,103,101,107,106,66.6,97.8,100,103,95.9,77.2,91.7,83.3,98.8,78.6,49.7,101,105,73.2,78.6,99.3,68.9,103,104,101,102,109,99.4,90.8,107,95.2,24.4,80.1,86.6
2004,21.3,100,87.1,105,67.3,110,107,103,101,98.6,98.6,106,105,70.7,106,105,103,96,44.2,43.8,86.7,96.3,111,111,97.4,106,55.1,72.4,72.2,74.4,101,83.3,53.8,30.6,102,84.1,105,74.4,64,79.9,108,54.9,105,104,102,101,103,42.5,110,109,103,75.9,95,68.5,56.6,107,56.6,101,105,104,97.9,48.4,103,99.9,73.3,102,106,82.8,37.2,42.6,103,78,105,102,106,61.7,89.1,82.6,75.2,104,103,102,106,101,96.7,103,86,100,103,103,78.8,106,103,127,54.3,66.1,103,101,101,88.3,64.1,98.8,91.3,47.6,99.9,100,63.1,96.2,95.9,95.7,107,109,98.9,64.8,53.6,99.7,104,43.7,98.8,103,110,45.2,68.6,88.2,102,79.5,49.7,92.9,108,67.1,108,92.2,106,104,108,121,99.7,105,83,106,77.9,69.9,58.1,102,98.4,48.7,96,102,104,81.9,46.4,102,96.2,33.3,103,102,108,106,67.6,98.1,100,103,96.2,78.1,91.9,83.8,99.2,79,50.2,101,105,74.1,79.2,99.5,69.4,104,104,101,102,109,99.7,91.3,107,95.6,24.9,80.5,87.1
2005,21.4,100,87.2,105,67.8,110,107,103,101,99,98.9,106,106,71.6,107,105,104,96.4,44.6,44.2,87.2,96.6,111,111,97.8,106,55.4,72.8,72.9,75,101,83.8,54.4,30.6,103,84.7,105,74.9,64.5,80.6,108,55.4,105,104,102,101,103,43.1,110,109,103,76.6,95.2,69,57.1,107,57.1,102,105,105,98.1,48.9,104,100,73.7,102,107,83.5,37.4,43.1,104,78.6,105,103,106,62.3,89.6,83.1,75.7,104,103,102,106,101,97.1,103,86.4,101,103,103,79.1,106,104,126,54.8,66.7,103,101,101,88.7,64.7,99.1,91.7,48.1,100,101,63.5,96.6,96.3,96.1,107,110,99.2,65.3,53.8,100,104,44.2,99.1,103,111,45.4,69,88.6,103,80,50.3,93.3,108,67.6,108,92.6,106,104,108,122,99.8,105,83.5,106,78.3,70.7,58.7,102,98.6,49.1,96.3,102,105,82.6,46.9,102,96.5,33.6,104,102,108,107,68.3,98.4,101,103,96.4,78.8,92,84.4,99.5,79.5,50.7,102,105,75.1,79.8,99.8,70,104,104,101,102,109,99.9,91.6,108,96.1,25.4,80.9,87.7
2006,21.5,100,87.6,105,68.5,110,107,103,102,99.2,99.1,106,106,72.4,107,105,104,96.7,45.1,44.7,87.6,97,112,111,97.9,106,56.1,73.4,73.3,75.6,101,84.3,54.9,31,103,85.1,105,75.6,65,81.2,108,56,105,104,103,102,103,43.6,110,109,103,77.1,95.7,69.6,57.5,108,57.5,102,105,105,98.2,49.4,104,100,74.2,103,107,83.9,37.7,43.5,104,79.1,106,103,106,62.9,90.1,83.7,76.3,104,103,103,106,102,97.5,103,86.9,101,103,103,79.6,106,104,126,55.6,67.3,104,101,102,89.1,65.3,99.5,92.2,48.5,100,101,63.9,96.8,96.7,96.4,107,110,99.4,65.9,54.2,100,104,44.8,99.3,104,111,45.7,69.5,89,103,80.4,50.9,93.7,108,68.3,108,93,107,105,109,122,100,105,84.2,106,78.9,71.4,59.1,102,98.9,49.5,96.7,102,105,83,47.2,102,96.9,33.6,104,102,108,107,68.9,98.7,101,103,96.8,79.4,92.2,84.8,99.9,80.1,51.2,102,105,75.9,80.3,100,70.6,104,105,101,102,109,100,92.1,108,96.5,25.7,81.4,88
2007,21.9,101,88,105,68.9,110,107,103,102,99.5,99.4,106,106,73,107,105,104,97.1,45.5,45.1,88,97.3,112,111,98.2,106,56.5,74,73.8,76.3,101,84.6,55.4,31.3,103,85.6,105,76.2,65.6,81.9,108,56.4,105,104,103,102,103,44.1,110,109,104,77.8,96,70.1,58,108,57.8,102,105,105,98.4,49.7,104,101,74.6,103,107,84.3,38.1,44,104,79.8,106,103,106,63.6,90.7,84.3,76.8,104,103,103,106,102,97.8,103,87.4,102,103,103,80.1,106,104,127,56,67.6,104,102,102,89.5,65.9,99.8,92.6,49,101,101,64.4,97.2,97.1,96.7,107,110,99.7,66.4,54.3,101,105,45.6,99.5,104,111,46.2,70.1,89.3,103,80.8,51.6,94.1,108,68.7,108,93.4,107,105,109,122,100,105,84.7,106,79.3,72.1,59.5,102,99.1,49.9,97,102,105,83.7,47.5,102,97.1,33.9,104,102,108,107,69.8,99,101,104,97,80.1,92.4,85.3,100,80.5,51.7,102,105,76.6,80.8,100,71,104,105,101,102,109,100,92.4,108,96.8,26.3,81.8,88.6
2008,22.2,101,88.3,105,69.5,110,107,104,102,99.8,99.6,106,106,73.7,107,105,104,97.5,46,45.6,88.5,97.6,112,112,98.4,106,57.1,74.5,74.4,76.8,101,85.1,55.9,31.6,103,86.1,106,76.7,66,82.5,108,56.9,106,105,103,102,103,44.6,110,110,104,78.5,96.4,70.7,58.5,108,58.3,102,105,105,98.5,50.2,104,101,75,103,107,84.8,38.6,44.4,104,80.2,106,103,106,64.1,91.2,84.9,77.4,104,103,103,107,102,98.1,103,87.8,102,103,104,80.5,106,104,126,56.7,68.3,104,102,102,90,66.5,100,93.2,49.4,101,101,64.7,97.7,97.4,97,107,110,99.9,67,54.6,101,105,46.1,99.7,104,111,46.3,70.5,89.8,103,81.5,52.3,94.5,108,69.3,109,93.8,107,105,109,122,100,105,85.2,106,79.8,72.7,59.9,103,99.4,50.1,97.2,102,105,84.3,47.9,103,97.4,34.2,104,103,108,107,70.5,99.3,101,104,97.3,80.8,92.7,85.6,101,81.1,52.2,102,106,77.4,81.5,100,71.6,104,105,101,102,109,101,92.7,108,97.1,26.7,82.1,89.1
2009,22.3,101,88.7,105,70.1,110,108,104,102,100,99.8,107,107,74.4,107,105,104,97.8,46.2,46,89,98,113,112,98.6,106,57.7,75.1,74.9,77.4,101,85.5,56.5,32.1,103,86.6,106,77.3,66.6,83,108,57.4,106,105,103,102,104,45.1,111,110,104,79,96.7,71.3,59,108,58.7,103,105,105,98.6,50.6,104,101,75.4,103,107,85.3,38.9,44.7,104,80.8,107,103,106,64.7,91.8,85.4,77.9,105,104,103,107,102,98.4,104,88.3,102,104,104,81,106,104,126,57.3,68.8,104,102,102,90.4,67.1,100,93.6,49.6,101,102,65.2,97.9,97.8,97.2,107,110,100,67.5,55,101,105,46.7,99.9,104,111,46.8,71.1,90.2,103,81.9,52.8,94.8,108,69.8,109,94.1,107,105,109,122,101,105,85.7,106,80.3,73.4,60.5,103,99.7,50.7,97.5,103,105,84.8,48.4,103,97.7,34.4,104,103,109,107,71.2,99.6,102,104,97.5,81.3,92.8,86,101,81.5,52.7,103,106,78.2,82,101,72.1,104,105,102,103,109,101,93.2,108,97.6,27.2,82.6,89.5
2010,22.6,101,89,105,70.5,110,108,104,102,100,100,107,107,75,108,105,104,98.2,46.6,46.4,89.4,98.3,113,112,98.8,106,58.1,75.4,75.5,77.8,101,86,56.9,32.3,104,87,106,77.8,67.3,83.7,108,57.9,106,105,103,102,104,45.7,111,110,104,79.7,97,71.8,59.3,108,59.2,103,106,106,98.7,51.1,104,101,75.9,103,108,85.7,39.3,45.1,104,81.4,107,103,107,65.2,92.3,85.9,78.5,105,104,103,107,102,98.6,104,88.7,103,104,104,81.4,107,105,126,58,69.2,104,102,102,90.7,67.7,101,93.9,50,102,102,65.7,98.2,98.1,97.6,108,111,100,68.1,55.3,102,105,47.3,100,104,112,47.3,71.7,90.6,103,82.4,53.4,95.2,109,70.3,109,94.6,107,105,109,122,101,105,86.1,106,80.8,74,61.1,103,99.9,51.2,97.8,103,105,85.3,48.7,103,97.9,34.9,105,103,109,108,71.9,99.9,102,104,97.7,81.9,93,86.5,101,82,53.2,103,106,78.9,82.6,101,72.7,104,105,102,103,110,101,93.7,109,98,27.6,83.1,89.9
2011,22.9,102,89.4,105,71.2,110,108,104,102,100,100,107,107,75.7,108,105,104,98.5,47.3,46.8,89.8,98.7,113,112,98.9,106,58.8,76,76.1,78.4,102,86.5,57.6,32.7,104,87.5,106,78.4,67.8,84.2,108,58.3,106,105,103,102,104,46.1,111,110,104,80.3,97.4,72.3,59.9,108,59.6,103,106,106,99,51.6,104,101,76.4,103,108,86.2,39.5,45.6,105,81.9,107,104,107,65.8,92.7,86.4,79,105,104,103,107,102,99,104,89.1,103,104,104,81.9,107,105,126,58.5,69.9,104,102,103,91.2,68.3,101,94.3,50.2,102,102,66.2,98.6,98.3,97.9,108,111,101,68.6,55.5,102,106,47.9,100,104,112,47.5,72,91,103,82.9,54,95.4,109,70.8,110,94.9,108,105,109,122,101,105,86.6,107,81.3,74.7,61.4,103,100,51.6,98,103,105,85.9,48.9,103,98,35.1,105,103,109,108,72.6,100,102,104,98,82.6,93.3,86.9,102,82.6,53.6,103,106,79.5,83.1,101,73.2,104,105,102,103,110,101,94,109,98.3,28.1,83.4,90.4
2012,23.1,102,89.7,106,71.7,110,108,104,102,101,100,107,107,76.2,108,105,104,98.9,47.6,47.4,90.3,99,113,113,99.2,106,59.1,76.6,76.5,78.8,102,86.9,58,32.9,104,87.9,107,78.9,68.3,84.7,109,58.9,106,105,103,102,104,46.6,111,111,105,80.8,97.8,72.9,60.4,108,60,103,106,106,99,52.1,104,101,76.7,104,108,86.7,39.9,45.8,105,82.5,108,104,107,66.3,93.2,86.8,79.4,105,104,104,107,102,99.3,104,89.5,103,104,104,82.3,107,105,126,59.2,70.4,104,102,103,91.7,68.8,101,94.8,50.9,102,102,66.7,98.9,98.8,98.1,108,111,101,69.2,56,103,106,48.5,100,104,112,48,72.5,91.3,103,83.4,54.7,95.8,109,71.3,110,95.3,108,105,109,123,101,105,87.2,107,81.7,75.3,62,103,100,52,98.2,103,106,86.4,49.5,104,98.3,35.3,105,104,109,108,73.1,101,102,104,98.2,83,93.5,87.4,102,83,54.2,103,106,80.2,83.6,101,73.8,104,105,102,103,110,101,94.3,109,98.6,28.6,83.9,90.8
2013,23.4,102,90,106,72.2,110,108,104,103,101,101,107,107,76.8,108,105,104,99.2,47.9,47.7,90.6,99.3,113,113,99.3,107,59.7,77.1,77,79.3,102,87.3,58.6,33.3,104,88.4,107,79.4,68.8,85.2,109,59.5,106,105,104,103,104,47.2,111,111,105,81.4,98,73.4,61,108,60.5,103,106,106,99.3,52.6,104,102,77.3,104,108,87.1,40.3,46.3,105,83,108,104,107,66.8,93.6,87.3,80,105,104,104,107,102,99.4,104,89.9,104,104,104,82.7,107,105,126,59.7,70.9,104,103,103,92.1,69.3,101,95.2,51,102,103,67.1,99.2,99,98.3,108,111,101,69.8,56.2,103,106,48.9,101,104,112,48.2,73.1,91.7,103,83.8,55.3,96.2,109,71.8,110,95.6,108,105,109,122,101,105,87.4,107,82.1,75.8,62.4,104,101,52.4,98.5,103,106,86.9,50,104,98.6,35.8,105,104,109,108,73.8,101,103,104,98.4,83.6,93.7,87.7,102,83.5,54.8,103,106,80.9,84.1,101,74.3,104,105,102,103,110,102,94.7,109,98.9,29.2,84.3,91.2
2014,23.5,102,90.5,106,72.9,110,108,105,103,101,101,107,107,77.4,108,105,104,99.5,48.4,48.2,91.1,99.6,113,113,99.5,107,60,77.6,77.5,79.7,102,87.8,59.1,33.7,104,88.8,107,79.8,69.5,85.8,109,59.9,107,106,104,103,104,47.6,111,111,105,81.9,98.4,74,61.4,108,60.9,104,106,106,99.4,53.1,104,102,77.7,104,108,87.6,40.7,46.7,105,83.6,108,104,107,67.4,94,87.7,80.4,105,104,104,107,102,99.7,104,90.3,104,104,104,83.1,107,105,126,60.3,71.5,104,103,103,92.4,69.8,102,95.6,51.5,103,103,67.6,99.4,99.3,98.6,108,111,101,70.2,56.5,103,106,49.6,101,104,112,48.6,73.7,92.1,103,84.3,55.8,96.5,109,72.3,110,96,108,105,110,123,102,105,88,107,82.6,76.5,62.9,104,101,52.7,98.7,103,106,87.5,50.1,104,98.8,35.8,105,104,109,108,74.5,101,103,104,98.6,84.1,94,88.3,102,84,55.2,104,106,81.5,84.5,101,74.9,104,106,102,103,110,102,95.1,109,99.3,29.5,84.6,91.7
2015,23.7,103,90.8,106,73.3,110,108,105,103,101,101,107,108,77.9,108,105,104,99.9,48.8,48.7,91.5,99.8,114,113,99.7,107,60.6,77.9,78.1,80.3,102,88.2,59.6,34,104,89.2,107,80.3,70,86.3,109,60.5,107,106,104,103,104,48.2,111,111,105,82.4,98.6,74.5,61.9,108,61.3,104,106,106,99.6,53.5,104,102,78.2,104,108,88.1,41.2,47.2,105,84.1,108,104,107,67.9,94.5,88.2,81,105,104,104,107,102,99.9,104,90.6,104,104,104,83.6,107,106,126,60.9,72,104,103,103,92.8,70.3,102,96,52,103,103,68,99.7,99.6,98.8,108,111,101,70.9,56.8,104,107,50.1,101,104,112,48.8,74.1,92.4,103,84.7,56.4,96.8,109,72.9,110,96.3,108,105,110,122,102,105,88.4,107,83.1,77.1,63.5,104,101,53.2,98.9,104,106,88,50.5,104,99,36.2,105,104,109,108,75,101,103,104,98.8,84.7,94.2,88.7,103,84.4,55.7,104,106,82,85,102,75.4,104,106,102,103,110,102,95.4,109,99.6,30.1,85.1,92.1